date, tag, duration
2024-11-06T13:03:23.025Z, getToken, 121120.575415
2024-11-06T13:27:56.889Z, getToken, 43393.7648
2024-11-06T13:27:56.976Z, getToken, 41136.5616
2024-11-06T13:27:56.982Z, getToken, 42155.9634
2024-11-06T13:27:56.988Z, getToken, 40148.796
2024-11-06T13:27:56.992Z, getToken, 43179.5166
2024-11-06T13:28:06.898Z, getToken, 39981.9035
2024-11-06T13:28:07.024Z, getToken, 30059.005200000003
2024-11-06T13:28:07.047Z, getToken, 20024.1641
2024-11-06T13:28:07.125Z, getToken, 9827.610999999997
2024-11-06T13:28:08.666Z, getToken, 109.153999999995
2024-11-06T13:28:20.345Z, getToken, 103.75719999999274
2024-11-06T13:28:22.371Z, getToken, 103.31089999999676
2024-11-06T13:37:50.231Z, getToken, 35210.6169
2024-11-06T13:37:50.321Z, getToken, 33281.6088
2024-11-06T13:37:52.556Z, getToken, 104.52269999999407
2024-11-06T13:37:52.601Z, getToken, 108.17990000000282
2024-11-06T13:38:02.524Z, getToken, 148.6487999999954
2024-11-06T13:38:03.507Z, getToken, 111.72649999999703
2024-11-06T13:38:12.600Z, getToken, 114.02419999999984
2024-11-06T13:38:13.602Z, getToken, 114.6417000000074
2024-11-06T13:38:15.637Z, getToken, 102.2618000000075
2024-11-06T13:38:17.629Z, getToken, 110.55899999999383
2024-11-06T13:38:22.654Z, getToken, 101.36269999999786
2024-11-06T13:38:24.685Z, getToken, 114.59829999999783
2024-11-06T13:38:25.482Z, getToken, 111.57270000000426
2024-11-06T13:38:27.389Z, getToken, 104.91820000000007
2024-11-06T13:38:32.752Z, getToken, 112.79249999999593
2024-11-06T13:38:35.755Z, getToken, 103.02719999999681
2024-11-06T13:45:41.099Z, getToken, 14923.306099999998
2024-11-06T13:45:41.101Z, getToken, 13930.754900000002
2024-11-06T13:45:41.103Z, getToken, 3869.6584000000003
2024-11-06T13:45:41.204Z, getToken, 4975.806899999998
2024-11-06T13:45:52.443Z, getToken, 103.68350000000282
2024-11-06T13:45:53.443Z, getToken, 103.99229999999807
2024-11-06T13:45:54.445Z, getToken, 103.39600000000064
2024-11-06T13:45:55.457Z, getToken, 104.6987999999983
2024-11-06T13:46:02.538Z, getToken, 6189.576200000003
2024-11-06T13:46:03.513Z, getToken, 101.90069999999832
2024-11-06T13:46:04.520Z, getToken, 102.93920000000071
2024-11-06T13:46:05.529Z, getToken, 104.73649999999907
2024-11-06T13:46:12.617Z, getToken, 6186.657799999994
2024-11-06T13:46:13.578Z, getToken, 6843.3647000000055
2024-11-06T13:46:14.597Z, getToken, 102.58610000000044
2024-11-06T13:46:15.607Z, getToken, 102.35450000000128
2024-11-06T13:46:22.688Z, getToken, 6171.8367
2024-11-06T13:46:23.598Z, getToken, 5065.007399999995
2024-11-06T13:46:24.677Z, getToken, 104.5448000000033
2024-11-06T13:46:27.701Z, getToken, 104.54809999999998
2024-11-06T13:46:32.760Z, getToken, 3146.5861999999906
2024-11-06T13:46:34.762Z, getToken, 103.94770000000426
2024-11-06T13:46:35.765Z, getToken, 102.91999999999825
2024-11-06T13:46:37.747Z, getToken, 1077.1013999999996
2024-11-06T13:46:42.793Z, getToken, 4114.394799999995
2024-11-06T13:46:44.785Z, getToken, 1075.4861999999994
2024-11-06T13:46:45.824Z, getToken, 108.52760000000126
2024-11-06T13:46:47.802Z, getToken, 1080.2937999999995
2024-11-06T13:46:52.883Z, getToken, 5155.162799999991
2024-11-06T13:46:54.837Z, getToken, 6105.739199999996
2024-11-06T13:46:55.829Z, getToken, 2055.0910000000003
2024-11-06T13:46:57.846Z, getToken, 2058.2927999999956
2024-11-06T13:47:02.904Z, getToken, 6110.358500000002
2024-11-06T13:47:48.777Z, getToken, 19815.1487
2024-11-06T13:47:48.809Z, getToken, 8766.114899999999
2024-11-06T13:47:48.812Z, getToken, 7888.1587
2024-11-06T13:47:48.855Z, getToken, 19879.1584
2024-11-06T13:47:58.863Z, getToken, 8751.746600000002
2024-11-06T13:47:58.894Z, getToken, 5761.650600000001
2024-11-06T13:47:58.991Z, getToken, 6126.233799999998
2024-11-06T13:48:00.280Z, getToken, 102.15179999999964
2024-11-06T13:48:08.926Z, getToken, 3702.6290999999983
2024-11-06T13:48:10.138Z, getToken, 112.65359999999782
2024-11-06T13:48:11.397Z, getToken, 104.8775999999998
2024-11-06T13:48:12.402Z, getToken, 101.95309999999881
2024-11-06T13:48:19.031Z, getToken, 5724.638999999996
2024-11-06T13:48:20.154Z, getToken, 5848.195899999999
2024-11-06T13:48:21.467Z, getToken, 104.94729999999981
2024-11-06T13:48:22.470Z, getToken, 104.44959999999992
2024-11-06T13:48:29.119Z, getToken, 5746.982099999994
2024-11-06T13:48:30.216Z, getToken, 5834.793100000003
2024-11-06T13:48:31.548Z, getToken, 6162.414299999997
2024-11-06T13:48:32.519Z, getToken, 2097.2806999999957
2024-11-06T13:48:39.124Z, getToken, 7696.157299999992
2024-11-06T13:48:40.223Z, getToken, 7791.4764
2024-11-06T13:48:41.566Z, getToken, 8120.925900000002
2024-11-06T13:48:42.521Z, getToken, 2047.9680999999982
2024-11-06T13:48:49.226Z, getToken, 6748.058900000004
2024-11-06T13:48:50.233Z, getToken, 5742.65830000001
2024-11-06T13:48:51.606Z, getToken, 1078
2024-11-06T13:48:52.609Z, getToken, 1074.5429000000004
2024-11-06T13:48:59.328Z, getToken, 6792.0696000000025
2024-11-06T13:49:00.300Z, getToken, 6758.777099999992
2024-11-06T13:49:01.608Z, getToken, 6049.841899999999
2024-11-06T13:49:02.617Z, getToken, 2036.1784000000043
2024-11-06T13:49:09.355Z, getToken, 7758.980100000001
2024-11-06T13:49:10.336Z, getToken, 7729.612299999993
2024-11-06T13:49:11.637Z, getToken, 8027.754000000001
2024-11-06T13:49:12.642Z, getToken, 969.9746000000014
2024-11-06T13:49:19.400Z, getToken, 6723.60590000001
2024-11-06T13:49:20.379Z, getToken, 6811.689700000003
2024-11-06T13:49:21.678Z, getToken, 6991.555099999998
2024-11-06T13:49:22.682Z, getToken, 1940.4658999999956
2024-11-06T13:49:29.477Z, getToken, 6731.013600000006
2024-11-06T13:49:30.446Z, getToken, 5690.352599999998
2024-11-06T13:49:31.906Z, getToken, 104.56899999998859
2024-11-06T14:25:08.513Z, getToken, 16418.170899999997
2024-11-06T14:25:08.516Z, getToken, 11892.210500000001
2024-11-06T14:25:08.518Z, getToken, 4866.0772
2024-11-06T14:25:08.520Z, getToken, 7878.736099999998
2024-11-06T14:25:18.573Z, getToken, 24969.9724
2024-11-06T14:25:18.576Z, getToken, 23969.4902
2024-11-06T14:25:18.578Z, getToken, 20952.2874
2024-11-06T14:25:18.580Z, getToken, 10911.0942
2024-11-06T14:25:28.618Z, getToken, 23959.8111
2024-11-06T14:25:28.620Z, getToken, 22780.011300000002
2024-11-06T14:25:28.622Z, getToken, 6820.246800000001
2024-11-06T14:25:28.624Z, getToken, 3787.6129
2024-11-06T14:25:38.681Z, getToken, 15872.269800000002
2024-11-06T14:25:38.684Z, getToken, 9815.035099999994
2024-11-06T14:25:38.686Z, getToken, 759.2249000000011
2024-11-06T14:25:38.688Z, getToken, 3777.446100000001
2024-11-06T14:25:48.692Z, getToken, 22859.677299999996
2024-11-06T14:25:48.695Z, getToken, 16807.311400000006
2024-11-06T14:25:48.697Z, getToken, 21849.5538
2024-11-06T14:25:48.699Z, getToken, 24881.6181
2024-11-06T14:25:58.748Z, getToken, 38966.0482
2024-11-06T14:25:58.751Z, getToken, 48051.884399999995
2024-11-06T14:25:58.753Z, getToken, 49121.7641
2024-11-06T14:25:58.755Z, getToken, 45025.45420000001
2024-11-06T14:26:08.793Z, getToken, 54056.976899999994
2024-11-06T14:26:08.796Z, getToken, 51031.95129999999
2024-11-06T14:26:08.797Z, getToken, 49626.2024
2024-11-06T14:26:08.799Z, getToken, 48000.9677
2024-11-06T14:26:18.879Z, getToken, 67170.031
2024-11-06T14:26:18.881Z, getToken, 69195.5613
2024-11-06T14:26:18.883Z, getToken, 70211.50050000001
2024-11-06T14:26:18.885Z, getToken, 77243.66649999999
2024-11-06T14:26:28.910Z, getToken, 90284.0374
2024-11-06T14:26:28.913Z, getToken, 93302.2416
2024-11-06T14:26:28.915Z, getToken, 96316.9013
2024-11-06T14:26:28.917Z, getToken, 89290.6445
2024-11-06T14:35:59.399Z, getToken, 30028.428900000003
2024-11-06T14:35:59.408Z, getToken, 3802.8411000000015
2024-11-06T14:35:59.415Z, getToken, 761.3398999999954
2024-11-06T14:35:59.429Z, getToken, 2827.114700000002
2024-11-06T14:36:09.466Z, getToken, 16891.2229
2024-11-06T14:36:09.495Z, getToken, 20969.171
2024-11-06T14:36:09.495Z, getToken, 24992.471500000003
2024-11-06T14:36:09.497Z, getToken, 32067.582800000004
2024-11-06T14:36:19.475Z, getToken, 45070.1573
2024-11-06T14:36:19.583Z, getToken, 49200.5731
2024-11-06T14:36:19.587Z, getToken, 18953.1544
2024-11-06T14:36:19.593Z, getToken, 17940.230600000003
2024-11-06T14:36:29.493Z, getToken, 26835.6714
2024-11-06T14:36:29.602Z, getToken, 21896.368199999997
2024-11-06T14:36:29.603Z, getToken, 24913.5616
2024-11-06T14:36:29.603Z, getToken, 25916.284
2024-11-06T14:36:39.575Z, getToken, 33882.33090000001
2024-11-06T14:36:40.055Z, getToken, 23062.242899999997
2024-11-06T14:36:40.059Z, getToken, 30109.4476
2024-11-06T14:36:40.062Z, getToken, 26089.545599999998
2024-11-06T14:42:48.368Z, getToken, 24855.571799999998
2024-11-06T14:42:48.374Z, getToken, 654.4480000000003
2024-11-06T14:42:48.382Z, getToken, 7708.161
2024-11-06T14:42:48.387Z, getToken, 21813.321799999998
2024-11-06T14:42:58.376Z, getToken, 13672.207900000005
2024-11-06T14:42:58.384Z, getToken, 16701.936
2024-11-06T14:42:58.385Z, getToken, 20721.391700000004
2024-11-06T14:42:58.499Z, getToken, 23856.225199999997
2024-11-06T14:43:08.478Z, getToken, 37874.5212
2024-11-06T14:43:08.482Z, getToken, 40899.5677
2024-11-06T14:43:08.485Z, getToken, 36880.070999999996
2024-11-06T14:43:08.601Z, getToken, 22895.8902
2024-11-06T14:43:18.551Z, getToken, 28812.190100000003
2024-11-06T14:43:18.560Z, getToken, 27810.919400000002
2024-11-06T14:43:18.560Z, getToken, 27276.264899999995
2024-11-06T14:43:18.674Z, getToken, 23901.132400000002
2024-11-06T14:43:28.630Z, getToken, 30790.195
2024-11-06T14:43:28.634Z, getToken, 25212.324499999995
2024-11-06T14:43:28.638Z, getToken, 25760.524400000002
2024-11-06T14:43:28.753Z, getToken, 29896.014000000003
2024-11-06T14:43:38.728Z, getToken, 34848.996900000006
2024-11-06T14:43:38.735Z, getToken, 38873.62299999999
2024-11-06T14:43:38.736Z, getToken, 37872.177899999995
2024-11-06T14:43:38.850Z, getToken, 29922.040400000005
2024-11-06T14:43:48.781Z, getToken, 38838.9875
2024-11-06T14:43:48.791Z, getToken, 42891.15000000001
2024-11-06T14:43:48.796Z, getToken, 41886.010899999994
2024-11-06T14:43:48.906Z, getToken, 37959.308
2024-11-06T14:43:58.788Z, getToken, 46844.05759999999
2024-11-06T14:43:58.793Z, getToken, 43822.092099999994
2024-11-06T14:43:58.895Z, getToken, 42917.5678
2024-11-06T14:43:59.003Z, getToken, 38983.14540000001
2024-11-06T14:44:08.893Z, getToken, 51902.8826
2024-11-06T14:44:08.898Z, getToken, 45847.49830000001
2024-11-06T14:44:08.903Z, getToken, 44845.3021
2024-11-06T14:44:09.014Z, getToken, 39930.582500000004
2024-11-06T14:44:18.943Z, getToken, 48858.5025
2024-11-06T14:44:18.949Z, getToken, 47854.77099999999
2024-11-06T14:44:18.950Z, getToken, 51885.61069999999
2024-11-06T14:44:19.064Z, getToken, 43911.070900000006
2024-11-06T14:44:29.033Z, getToken, 52867.36619999999
2024-11-06T14:44:29.039Z, getToken, 56917.90329999999
2024-11-06T14:44:29.044Z, getToken, 43792.774300000005
2024-11-06T14:44:29.154Z, getToken, 46933.4549
2024-11-06T14:44:39.251Z, getToken, 52989.07460000001
2024-11-06T14:44:39.256Z, getToken, 56022.46309999999
2024-11-06T14:44:39.256Z, getToken, 50962.101899999994
2024-11-06T14:44:39.256Z, getToken, 48963.5612
2024-11-06T14:44:49.257Z, getToken, 54950.812800000014
2024-11-06T14:44:49.262Z, getToken, 53942.67809999999
2024-11-06T14:44:49.268Z, getToken, 52935.34059999998
2024-11-06T14:44:49.273Z, getToken, 56974.3346
2024-11-06T14:44:59.360Z, getToken, 66077.1621
2024-11-06T14:44:59.366Z, getToken, 66064.23680000001
2024-11-06T14:44:59.367Z, getToken, 60022.37269999999
2024-11-06T14:44:59.368Z, getToken, 59018.21669999999
2024-11-06T14:45:09.408Z, getToken, 65014.643700000015
2024-11-06T14:45:09.416Z, getToken, 63742.01759999999
2024-11-06T14:45:09.428Z, getToken, 61953.9513
2024-11-06T14:45:09.441Z, getToken, 62978.2288
2024-11-06T14:45:19.456Z, getToken, 70979.83270000001
2024-11-06T14:45:19.463Z, getToken, 69985.7596
2024-11-06T14:45:19.463Z, getToken, 68981.9791
2024-11-06T14:45:19.464Z, getToken, 64955.047199999986
2024-11-06T14:45:29.515Z, getToken, 73993.50200000001
2024-11-06T14:45:29.519Z, getToken, 78024.6273
2024-11-06T14:45:29.525Z, getToken, 77031.3762
2024-11-06T14:45:29.530Z, getToken, 68745.55200000001
2024-11-06T14:45:39.546Z, getToken, 71915.30660000001
2024-11-06T14:45:39.558Z, getToken, 70628.3589
2024-11-06T14:45:39.572Z, getToken, 67599.1416
2024-11-06T14:45:39.573Z, getToken, 66822.451
2024-11-06T14:45:49.583Z, getToken, 72556.91930000001
2024-11-06T14:45:49.589Z, getToken, 76601.63059999997
2024-11-06T14:45:49.593Z, getToken, 71551.5994
2024-11-06T14:45:49.597Z, getToken, 75606.8737
2024-11-06T14:45:59.590Z, getToken, 75324.19440000001
2024-11-06T14:45:59.595Z, getToken, 79343.4707
2024-11-06T14:45:59.596Z, getToken, 78343.17240000001
2024-11-06T14:45:59.699Z, getToken, 71388.37659999999
2024-11-06T14:46:09.628Z, getToken, 80304.45510000002
2024-11-06T14:46:09.632Z, getToken, 80640.93800000002
2024-11-06T14:46:09.637Z, getToken, 84359.0448
2024-11-06T14:46:09.753Z, getToken, 83464.2984
2024-11-06T14:46:19.721Z, getToken, 97465.1863
2024-11-06T14:46:19.725Z, getToken, 85377.97410000002
2024-11-06T14:46:19.725Z, getToken, 88396.23019999999
2024-11-06T14:46:19.829Z, getToken, 81448.46900000001
2024-11-06T14:46:29.759Z, getToken, 82309.3291
2024-11-06T14:46:29.765Z, getToken, 94411.67070000002
2024-11-06T14:46:29.771Z, getToken, 85351.0091
2024-11-06T14:46:29.886Z, getToken, 88486.39980000001
2024-11-06T14:46:39.769Z, getToken, 91306.6354
2024-11-06T14:46:39.777Z, getToken, 90315.3855
2024-11-06T14:46:39.777Z, getToken, 94346.5809
2024-11-06T14:46:39.892Z, getToken, 97488.53659999999
2024-11-06T14:46:49.867Z, getToken, 103429.13699999999
2024-11-06T14:46:49.872Z, getToken, 107880.62889999998
2024-11-06T14:46:49.878Z, getToken, 99412.09120000002
2024-11-06T14:46:49.990Z, getToken, 98515.66890000002
2024-11-06T14:46:59.871Z, getToken, 104321.46170000001
2024-11-06T14:46:59.875Z, getToken, 106390.4509
2024-11-06T14:46:59.979Z, getToken, 100396.35830000002
2024-11-06T14:47:00.125Z, getToken, 102060.06929999997
2024-11-06T14:47:09.955Z, getToken, 113401.41270000002
2024-11-06T14:47:09.966Z, getToken, 112396.5975
2024-11-06T14:47:10.078Z, getToken, 107483.62030000001
2024-11-06T14:47:10.187Z, getToken, 103562.07629999999
2024-11-06T14:47:19.963Z, getToken, 109252.52940000003
2024-11-06T14:47:19.970Z, getToken, 103134.72480000003
2024-11-06T14:47:20.086Z, getToken, 106275.89410000003
2024-11-06T14:47:20.195Z, getToken, 102348.65649999998
2024-11-06T14:47:29.996Z, getToken, 115181.089
2024-11-06T14:47:30.003Z, getToken, 111150.00159999999
2024-11-06T14:47:30.118Z, getToken, 114292.2519
2024-11-06T14:47:30.227Z, getToken, 102138.1587
2024-11-06T14:47:40.082Z, getToken, 115021.88709999999
2024-11-06T14:47:40.085Z, getToken, 99916.3866
2024-11-06T14:47:40.191Z, getToken, 99018.95340000003
2024-11-06T14:47:40.298Z, getToken, 103147.62210000001
2024-11-06T14:47:50.146Z, getToken, 116027.91529999996
2024-11-06T14:47:50.152Z, getToken, 105936.15759999998
2024-11-06T14:47:50.268Z, getToken, 100289.2543
2024-11-06T14:47:50.377Z, getToken, 97085.32800000004
2024-11-06T14:48:00.192Z, getToken, 105897.29620000001
2024-11-06T14:48:00.198Z, getToken, 101872.6532
2024-11-06T14:48:00.301Z, getToken, 104995.6489
2024-11-06T14:48:00.409Z, getToken, 95027.54159999997
2024-11-06T14:48:10.292Z, getToken, 107288.81850000002
2024-11-06T14:48:10.298Z, getToken, 107940.15870000003
2024-11-06T14:48:10.304Z, getToken, 103914.5503
2024-11-06T14:48:10.414Z, getToken, 107052.34119999997
2024-11-06T14:48:20.362Z, getToken, 109933.52180000002
2024-11-06T14:48:20.370Z, getToken, 112969.64170000001
2024-11-06T14:48:20.380Z, getToken, 116015.30769999998
2024-11-06T14:48:20.486Z, getToken, 112073.0932
2024-11-06T14:48:30.398Z, getToken, 131061.07949999996
2024-11-06T14:48:30.401Z, getToken, 129054.45000000001
2024-11-06T14:48:30.404Z, getToken, 134099.06339999998
2024-11-06T14:48:30.519Z, getToken, 112032.83950000003
2024-11-06T14:48:40.398Z, getToken, 125934.0342
2024-11-06T14:48:40.403Z, getToken, 123766.87869999997
2024-11-06T14:48:40.506Z, getToken, 125045.65189999997
2024-11-06T14:48:40.613Z, getToken, 121117.87970000002
2024-11-06T14:48:50.414Z, getToken, 137975.10989999998
2024-11-06T14:48:50.421Z, getToken, 121838.97210000001
2024-11-06T14:48:50.536Z, getToken, 117719.74780000001
2024-11-06T14:48:50.681Z, getToken, 114769.63689999998
2024-11-06T14:49:00.459Z, getToken, 120559.29139999999
2024-11-06T14:49:00.464Z, getToken, 119564.33379999996
2024-11-06T14:49:00.566Z, getToken, 118464.91889999999
2024-11-06T14:49:00.675Z, getToken, 118769.3075
2024-11-06T15:03:42.222Z, getToken, 27691.878
2024-11-06T15:03:42.227Z, getToken, 3343.369599999998
2024-11-06T15:03:42.233Z, getToken, 11389.921999999999
2024-11-06T15:03:42.237Z, getToken, 10390.1463
2024-11-06T15:03:52.238Z, getToken, 27454.346299999997
2024-11-06T15:03:52.244Z, getToken, 23423.3261
2024-11-06T15:03:52.265Z, getToken, 21046.686
2024-11-06T15:03:52.280Z, getToken, 19425.337499999998
2024-11-06T15:04:02.296Z, getToken, 28435.521999999997
2024-11-06T15:04:02.301Z, getToken, 32468.304799999998
2024-11-06T15:04:02.308Z, getToken, 36514.047600000005
2024-11-06T15:04:02.313Z, getToken, 35503.6323
2024-11-06T15:04:12.395Z, getToken, 50799.2002
2024-11-06T15:04:12.399Z, getToken, 54847.047000000006
2024-11-06T15:04:12.413Z, getToken, 49805.6974
2024-11-06T15:04:12.427Z, getToken, 53857.6065
2024-11-06T15:04:22.471Z, getToken, 62899.449199999995
2024-11-06T15:04:22.475Z, getToken, 65534.072400000005
2024-11-06T15:04:22.480Z, getToken, 65923.7073
2024-11-06T15:04:22.484Z, getToken, 66932.1983
2024-11-06T15:04:32.512Z, getToken, 71931.93179999999
2024-11-06T15:04:32.518Z, getToken, 68735.24250000001
2024-11-06T15:04:32.528Z, getToken, 56661.519700000004
2024-11-06T15:04:32.538Z, getToken, 49635.643
2024-11-06T15:04:42.587Z, getToken, 58685.999800000005
2024-11-06T15:04:42.592Z, getToken, 57780.1366
2024-11-06T15:04:42.597Z, getToken, 59442.9346
2024-11-06T15:04:42.604Z, getToken, 51656.3241
2024-11-06T15:04:52.661Z, getToken, 64728.7838
2024-11-06T15:04:52.665Z, getToken, 60713.11080000001
2024-11-06T15:04:52.668Z, getToken, 63726.375799999994
2024-11-06T15:04:52.678Z, getToken, 66758.9761
2024-11-06T15:05:31.465Z, getToken, 18743.724299999998
2024-11-06T15:05:31.496Z, getToken, 1627.467700000001
2024-11-06T15:05:31.502Z, getToken, 2645.118199999997
2024-11-06T15:05:31.505Z, getToken, 7694.551000000001
2024-11-06T15:05:41.551Z, getToken, 20752.0245
2024-11-06T15:05:41.556Z, getToken, 16739.0326
2024-11-06T15:05:41.582Z, getToken, 15751.7402
2024-11-06T15:05:41.598Z, getToken, 19791.0967
2024-11-06T15:05:51.644Z, getToken, 33871.9516
2024-11-06T15:05:51.650Z, getToken, 35731.40609999999
2024-11-06T15:05:51.653Z, getToken, 32874.4856
2024-11-06T15:05:51.655Z, getToken, 28844.4274
2024-11-06T15:06:01.720Z, getToken, 41927.2598
2024-11-06T15:06:01.724Z, getToken, 48029.6332
2024-11-06T15:06:01.738Z, getToken, 47034.752
2024-11-06T15:06:01.750Z, getToken, 45988.5539
2024-11-06T15:06:11.771Z, getToken, 55008.3045
2024-11-06T15:06:11.775Z, getToken, 42335.1106
2024-11-06T15:06:11.778Z, getToken, 40913.3094
2024-11-06T15:06:11.784Z, getToken, 43937.1654
2024-11-06T15:07:00.788Z, getToken, 18408.5271
2024-11-06T15:07:00.799Z, getToken, 3371.451799999999
2024-11-06T15:07:00.815Z, getToken, 2390.3824999999997
2024-11-06T15:07:00.822Z, getToken, 3134.5688999999984
2024-11-06T15:07:10.792Z, getToken, 11356.475300000002
2024-11-06T15:07:10.824Z, getToken, 1292.616900000001
2024-11-06T15:07:10.841Z, getToken, 5324.2788999999975
2024-11-06T15:07:10.852Z, getToken, 4336.8204000000005
2024-11-06T15:07:20.814Z, getToken, 10274.6354
2024-11-06T15:07:20.936Z, getToken, 13409.800600000002
2024-11-06T15:07:20.940Z, getToken, 8982.247400000004
2024-11-06T15:07:20.943Z, getToken, 9402.346099999999
2024-11-06T15:07:30.864Z, getToken, 26353.803699999997
2024-11-06T15:07:30.987Z, getToken, 27489.3935
2024-11-06T15:07:31.002Z, getToken, 28507.9893
2024-11-06T15:07:31.015Z, getToken, 34591.1025
2024-11-06T15:11:23.055Z, getToken, 31622.796100000003
2024-11-06T15:11:23.060Z, getToken, 3041.8847000000023
2024-11-06T15:11:23.066Z, getToken, 6082.752000000004
2024-11-06T15:11:23.102Z, getToken, 2078.5885000000053
2024-11-06T15:11:33.157Z, getToken, 15160.904299999998
2024-11-06T15:11:33.163Z, getToken, 19199.651799999996
2024-11-06T15:11:33.188Z, getToken, 19896.295899999997
2024-11-06T15:11:33.202Z, getToken, 26282.6404
2024-11-06T15:11:43.195Z, getToken, 32263.3685
2024-11-06T15:11:43.201Z, getToken, 21166.430399999997
2024-11-06T15:11:43.205Z, getToken, 28228.161399999997
2024-11-06T15:11:43.209Z, getToken, 35284.7436
2024-11-06T15:11:53.276Z, getToken, 48371.4157
2024-11-06T15:11:53.283Z, getToken, 52403.4344
2024-11-06T15:11:53.288Z, getToken, 59447.2597
2024-11-06T15:11:53.316Z, getToken, 58470.3874
2024-11-06T15:12:03.287Z, getToken, 65425.9948
2024-11-06T15:12:03.291Z, getToken, 44282.904299999995
2024-11-06T15:12:03.295Z, getToken, 51355.773799999995
2024-11-06T15:12:03.426Z, getToken, 47450.51609999999
2024-11-06T15:12:13.357Z, getToken, 64437.5766
2024-11-06T15:12:13.362Z, getToken, 67441.47230000001
2024-11-06T15:12:13.366Z, getToken, 71028.2777
2024-11-06T15:12:13.481Z, getToken, 74607.6094
2024-11-06T15:12:23.360Z, getToken, 91524.9426
2024-11-06T15:12:23.364Z, getToken, 87512.5751
2024-11-06T15:12:23.368Z, getToken, 80476.6124
2024-11-06T15:12:23.482Z, getToken, 73554.19589999999
2024-11-06T15:12:33.465Z, getToken, 96605.8052
2024-11-06T15:12:33.471Z, getToken, 100640.5874
2024-11-06T15:12:33.501Z, getToken, 93634.4252
2024-11-06T15:12:33.528Z, getToken, 89636.8197
2024-11-06T15:12:43.536Z, getToken, 80496.38630000001
2024-11-06T15:12:43.540Z, getToken, 79190.91560000001
2024-11-06T15:12:43.544Z, getToken, 73444.5918
2024-11-06T15:12:43.553Z, getToken, 76480.26699999999
2024-11-06T15:12:53.593Z, getToken, 80473.99179999999
2024-11-06T15:12:53.598Z, getToken, 77459.65349999999
2024-11-06T15:12:53.604Z, getToken, 78324.19
2024-11-06T15:12:53.624Z, getToken, 73460.00460000001
2024-11-06T15:13:03.665Z, getToken, 89546.59220000001
2024-11-06T15:13:03.669Z, getToken, 91549.37920000001
2024-11-06T15:13:03.672Z, getToken, 92567.45499999999
2024-11-06T15:13:03.676Z, getToken, 95572.0252
2024-11-06T15:13:13.708Z, getToken, 104613.73300000001
2024-11-06T15:13:13.713Z, getToken, 107651.15090000001
2024-11-06T15:13:13.717Z, getToken, 108672.65090000001
2024-11-06T15:13:13.737Z, getToken, 96584.24380000001
2024-11-06T15:13:23.716Z, getToken, 102548.65290000002
2024-11-06T15:13:23.735Z, getToken, 101553.5223
2024-11-06T15:13:23.756Z, getToken, 105602.6326
2024-11-06T15:13:23.771Z, getToken, 104617.77189999999
2024-11-06T15:13:33.780Z, getToken, 110588.93910000002
2024-11-06T15:13:33.784Z, getToken, 105571.46949999999
2024-11-06T15:13:33.788Z, getToken, 104574.67779999999
2024-11-06T15:13:33.793Z, getToken, 103572.3158
2024-11-06T15:13:43.781Z, getToken, 112561.6868
2024-11-06T15:13:43.786Z, getToken, 111557.4223
2024-11-06T15:13:43.790Z, getToken, 42033.57519999999
2024-11-06T15:13:43.811Z, getToken, 43059.255000000005
2024-11-06T15:13:53.849Z, getToken, 120615.1685
2024-11-06T15:13:53.854Z, getToken, 119615.49769999999
2024-11-06T15:13:53.860Z, getToken, 126650.01190000001
2024-11-06T15:13:53.897Z, getToken, 129702.0202
2024-11-06T15:14:03.879Z, getToken, 137475.8993
2024-11-06T15:14:03.885Z, getToken, 138683.2752
2024-11-06T15:14:03.921Z, getToken, 124656.37139999999
2024-11-06T15:14:03.951Z, getToken, 120638.33719999998
2024-11-06T15:14:13.985Z, getToken, 133712.2758
2024-11-06T15:14:13.989Z, getToken, 132709.5541
2024-11-06T15:14:13.995Z, getToken, 138748.2327
2024-11-06T15:14:13.999Z, getToken, 137749.2136
2024-11-06T15:14:24.018Z, getToken, 139696.6034
2024-11-06T15:14:24.022Z, getToken, 136668.5261
2024-11-06T15:14:24.025Z, getToken, 130649.73060000001
2024-11-06T15:14:24.038Z, getToken, 129659.14930000002
2024-11-06T15:14:34.104Z, getToken, 143735.7439
2024-11-06T15:14:34.107Z, getToken, 133689.8923
2024-11-06T15:14:34.109Z, getToken, 137715.7082
2024-11-06T15:14:34.126Z, getToken, 131692.614
2024-11-06T15:14:44.198Z, getToken, 142773.4757
2024-11-06T15:14:44.205Z, getToken, 145788.05440000002
2024-11-06T15:14:44.209Z, getToken, 146788.64880000002
2024-11-06T15:14:44.215Z, getToken, 140777.09269999998
2024-11-06T15:14:54.240Z, getToken, 154735.4413
2024-11-06T15:14:54.244Z, getToken, 158859.7613
2024-11-06T15:14:54.264Z, getToken, 161887.87170000002
2024-11-06T15:14:54.284Z, getToken, 162915.61820000003
2024-11-06T15:15:04.284Z, getToken, 174920.4169
2024-11-06T15:15:04.304Z, getToken, 182021.52399999998
2024-11-06T15:15:04.329Z, getToken, 177989.1089
2024-11-06T15:15:04.350Z, getToken, 179007.6015
2024-11-06T15:15:14.285Z, getToken, 196025.80060000002
2024-11-06T15:15:14.394Z, getToken, 196673.69090000002
2024-11-06T15:15:14.396Z, getToken, 185869.75089999998
2024-11-06T15:15:14.400Z, getToken, 169964.23819999996
2024-11-06T15:15:24.316Z, getToken, 175842.3306
2024-11-06T15:15:24.429Z, getToken, 173569.82169999997
2024-11-06T15:15:24.434Z, getToken, 171940.54410000003
2024-11-06T15:15:24.439Z, getToken, 170880.0036
2024-11-06T15:15:34.346Z, getToken, 184867.55090000003
2024-11-06T15:15:34.456Z, getToken, 188004.1532
2024-11-06T15:15:34.488Z, getToken, 189047.9461
2024-11-06T15:15:34.515Z, getToken, 177929.6141
2024-11-06T15:15:44.422Z, getToken, 183817.0939
2024-11-06T15:15:44.533Z, getToken, 186938.69850000003
2024-11-06T15:15:44.537Z, getToken, 185934.81399999995
2024-11-06T15:15:44.540Z, getToken, 182809.65110000002
2024-11-06T15:15:54.453Z, getToken, 189798.41840000002
2024-11-06T15:15:54.564Z, getToken, 188909.89289999998
2024-11-06T15:15:54.590Z, getToken, 191970.4134
2024-11-06T15:15:54.615Z, getToken, 190989.15109999996
2024-11-06T15:16:04.471Z, getToken, 204868.98100000003
2024-11-06T15:16:04.580Z, getToken, 213092.96709999998
2024-11-06T15:16:04.687Z, getToken, 217210.2108
2024-11-06T15:16:04.691Z, getToken, 210124.635
2024-11-06T15:16:14.480Z, getToken, 218902.48110000003
2024-11-06T15:16:14.589Z, getToken, 207928.40949999998
2024-11-06T15:16:14.700Z, getToken, 201860.4899
2024-11-06T15:16:14.728Z, getToken, 204050.4586
2024-11-06T15:16:24.517Z, getToken, 212833.80809999997
2024-11-06T15:16:24.642Z, getToken, 214971.09769999998
2024-11-06T15:16:24.752Z, getToken, 211067.01070000004
2024-11-06T15:16:24.770Z, getToken, 217108.60370000004
2024-11-06T15:16:34.542Z, getToken, 225873.45380000002
2024-11-06T15:16:34.652Z, getToken, 216927.14529999997
2024-11-06T15:16:34.759Z, getToken, 216027.6545
2024-11-06T15:16:34.780Z, getToken, 212027.13070000004
2024-11-06T15:16:44.618Z, getToken, 220654.6068
2024-11-06T15:16:44.725Z, getToken, 224979.93640000004
2024-11-06T15:16:44.834Z, getToken, 228122.4414
2024-11-06T15:16:44.839Z, getToken, 230147.7253
2024-11-06T15:16:54.695Z, getToken, 238992.76989999998
2024-11-06T15:16:54.803Z, getToken, 226015.56149999998
2024-11-06T15:16:54.959Z, getToken, 30608.078800000018
2024-11-06T15:16:55.022Z, getToken, 31674.05230000004
2024-11-06T15:17:04.780Z, getToken, 44455.16590000002
2024-11-06T15:17:04.889Z, getToken, 42271.66500000004
2024-11-06T15:17:05.026Z, getToken, 43692.99079999997
2024-11-06T15:17:05.054Z, getToken, 47756.24960000004
2024-11-06T15:17:14.834Z, getToken, 58544.19459999999
2024-11-06T15:17:15.009Z, getToken, 249238.95919999998
2024-11-06T15:17:15.114Z, getToken, 248335.8344
2024-11-06T15:17:15.118Z, getToken, 233228.36019999997
2024-11-06T15:17:24.866Z, getToken, 245996.8386
2024-11-06T15:17:25.083Z, getToken, 242192.4645
2024-11-06T15:17:25.193Z, getToken, 241294.8449
2024-11-06T15:17:25.197Z, getToken, 237272.19030000002
2024-11-06T15:17:34.899Z, getToken, 255016.3606
2024-11-06T15:17:35.127Z, getToken, 258286.207
2024-11-06T15:17:35.251Z, getToken, 259415.6895
2024-11-06T15:17:35.273Z, getToken, 260310.49349999998
2024-11-06T15:17:44.900Z, getToken, 44292.3003
2024-11-06T15:17:45.228Z, getToken, 264340.4019
2024-11-06T15:17:45.339Z, getToken, 267484.7075
2024-11-06T15:17:45.342Z, getToken, 274545.3462
2024-11-06T15:17:54.952Z, getToken, 283147.99899999995
2024-11-06T15:17:55.278Z, getToken, 282462.5053
2024-11-06T15:17:55.414Z, getToken, 285619.20629999996
2024-11-06T15:17:55.452Z, getToken, 287668.34420000005
2024-11-06T15:18:05.017Z, getToken, 300252.3142
2024-11-06T15:18:05.340Z, getToken, 291524.0444
2024-11-06T15:18:05.450Z, getToken, 280554.1607
2024-11-06T15:18:05.454Z, getToken, 262434.7909
2024-11-06T15:18:15.095Z, getToken, 270068.4608
2024-11-06T15:18:15.342Z, getToken, 269310.5129
2024-11-06T15:18:15.506Z, getToken, 268474.8336
2024-11-06T15:18:15.525Z, getToken, 275523.9072
2024-11-06T15:18:25.146Z, getToken, 286139.6671
2024-11-06T15:18:25.378Z, getToken, 293424.04300000006
2024-11-06T15:18:25.596Z, getToken, 296664.8801
2024-11-06T15:18:25.598Z, getToken, 284589.479
2024-11-06T15:18:35.250Z, getToken, 293234.6766
2024-11-06T15:18:35.464Z, getToken, 299475.3203
2024-11-06T15:18:35.680Z, getToken, 302726.5101
2024-11-06T15:18:35.686Z, getToken, 309669.97160000005
2024-11-06T15:18:45.352Z, getToken, 311388.38159999996
2024-11-06T15:18:45.567Z, getToken, 308239.5374
2024-11-06T15:18:45.706Z, getToken, 315766.5562
2024-11-06T15:18:45.731Z, getToken, 15415.569499999983
2024-11-06T15:18:55.438Z, getToken, 28146.274399999995
2024-11-06T15:18:55.654Z, getToken, 324718.6292
2024-11-06T15:18:55.763Z, getToken, 328854.9328
2024-11-06T15:18:55.769Z, getToken, 317767.24309999996
2024-11-06T15:19:05.502Z, getToken, 330529.8409
2024-11-06T15:19:05.733Z, getToken, 7240.283999999985
2024-11-06T15:19:05.767Z, getToken, 3216.954800000007
2024-11-06T15:19:05.785Z, getToken, 2227.7004000000306
2024-11-06T15:19:15.573Z, getToken, 11009.222699999984
2024-11-06T15:19:15.791Z, getToken, 10220.482100000023
2024-11-06T15:19:15.795Z, getToken, 16298.615300000005
2024-11-06T15:19:15.799Z, getToken, 331785.645
2024-11-06T15:19:25.658Z, getToken, 334604.0761
2024-11-06T15:19:25.884Z, getToken, 333821.0777
2024-11-06T15:19:25.888Z, getToken, 336848.8023
2024-11-06T15:19:25.891Z, getToken, 332829.3816
2024-11-06T15:19:35.707Z, getToken, 345659.91839999997
2024-11-06T15:19:35.924Z, getToken, 347787.87250000006
2024-11-06T15:19:35.929Z, getToken, 341866.76619999995
2024-11-06T15:19:35.984Z, getToken, 334876.7051
2024-11-06T15:19:45.717Z, getToken, 27044.485599999956
2024-11-06T15:19:45.938Z, getToken, 23239.513399999938
2024-11-06T15:19:45.950Z, getToken, 22241.461899999995
2024-11-06T15:19:46.075Z, getToken, 21358.785600000003
2024-11-06T15:19:55.814Z, getToken, 36050.04930000001
2024-11-06T15:19:56.029Z, getToken, 38358.09959999996
2024-11-06T15:19:56.035Z, getToken, 41391.778099999996
2024-11-06T15:19:56.169Z, getToken, 42527.26179999992
2024-11-06T15:20:05.859Z, getToken, 54243.28309999994
2024-11-06T15:20:06.074Z, getToken, 50418.076500000025
2024-11-06T15:20:06.079Z, getToken, 45395.93490000005
2024-11-06T15:20:06.215Z, getToken, 40494.113900000055
2024-11-06T15:20:15.865Z, getToken, 49139.17960000003
2024-11-06T15:20:16.082Z, getToken, 54385.90759999998
2024-11-06T15:20:16.088Z, getToken, 55805.98110000003
2024-11-06T15:20:16.314Z, getToken, 63679.96269999992
2024-11-06T15:20:25.941Z, getToken, 75326.60800000001
2024-11-06T15:20:26.159Z, getToken, 388060.2531
2024-11-06T15:20:26.164Z, getToken, 386826.7633
2024-11-06T15:20:26.406Z, getToken, 383293.03169999993
2024-11-06T15:20:35.981Z, getToken, 393872.95199999993
2024-11-06T15:20:36.197Z, getToken, 183322.271
2024-11-06T15:20:36.204Z, getToken, 187136.92719999998
2024-11-06T15:20:36.451Z, getToken, 396351.3907
2024-11-06T15:20:46.001Z, getToken, 409927.4979
2024-11-06T15:20:46.217Z, getToken, 411149.8825
2024-11-06T15:20:46.221Z, getToken, 409140.1668
2024-11-06T15:20:46.543Z, getToken, 402425.728
2024-11-06T15:20:56.004Z, getToken, 402782.45080000005
2024-11-06T15:20:56.223Z, getToken, 405062.12179999996
2024-11-06T15:20:56.226Z, getToken, 408077.50609999994
2024-11-06T15:20:56.577Z, getToken, 411459.7574
2024-11-06T15:21:06.096Z, getToken, 415661.82560000004
2024-11-06T15:21:06.312Z, getToken, 414148.7398999999
2024-11-06T15:21:06.316Z, getToken, 417166.1853
2024-11-06T15:21:06.662Z, getToken, 412437.37210000004
2024-11-06T15:21:16.171Z, getToken, 414782.43350000004
2024-11-06T15:21:16.390Z, getToken, 418137.3793
2024-11-06T15:21:16.394Z, getToken, 421157.8787
2024-11-06T15:21:16.747Z, getToken, 414461.2148999999
2024-11-06T15:21:26.249Z, getToken, 419934.7189
2024-11-06T15:21:26.468Z, getToken, 423168.24380000005
2024-11-06T15:21:26.473Z, getToken, 419149.9451
2024-11-06T15:21:26.797Z, getToken, 427533.6189
2024-11-06T15:21:36.291Z, getToken, 436029.65099999995
2024-11-06T15:21:36.508Z, getToken, 432208.6381
2024-11-06T15:21:36.513Z, getToken, 424053.43409999995
2024-11-06T15:21:36.877Z, getToken, 431569.98279999994
2024-11-06T15:21:46.300Z, getToken, 449050.8996
2024-11-06T15:21:46.518Z, getToken, 460390.28870000003
2024-11-06T15:21:46.522Z, getToken, 459387.7097
2024-11-06T15:21:46.967Z, getToken, 438639.1081
2024-11-06T15:21:56.364Z, getToken, 460120.9724999999
2024-11-06T15:21:56.579Z, getToken, 447240.0065
2024-11-06T15:21:56.583Z, getToken, 443201.14499999996
2024-11-06T15:21:57.056Z, getToken, 442670.8441
2024-11-06T15:22:06.370Z, getToken, 456022.076
2024-11-06T15:22:06.589Z, getToken, 455229.88739999995
2024-11-06T15:22:06.593Z, getToken, 448173.48870000005
2024-11-06T15:22:07.072Z, getToken, 439583.94399999996
2024-11-06T15:22:16.411Z, getToken, 451946.38300000003
2024-11-06T15:22:16.625Z, getToken, 452922.77139999997
2024-11-06T15:22:16.627Z, getToken, 454168.93919999996
2024-11-06T15:22:17.168Z, getToken, 455725.0467
2024-11-06T15:22:26.503Z, getToken, 466070.1481
2024-11-06T15:22:26.719Z, getToken, 471328.23040000006
2024-11-06T15:22:26.723Z, getToken, 467298.72219999996
2024-11-06T15:22:27.199Z, getToken, 470797.5756
2024-11-06T15:22:36.585Z, getToken, 479171.7491
2024-11-06T15:22:36.801Z, getToken, 468308.4208
2024-11-06T15:22:36.806Z, getToken, 471335.0104
2024-11-06T15:22:37.239Z, getToken, 465711.2413
2024-11-06T15:22:46.592Z, getToken, 474039.0553
2024-11-06T15:22:46.823Z, getToken, 473255.0576
2024-11-06T15:22:46.843Z, getToken, 477346.2506
2024-11-06T15:22:47.318Z, getToken, 476796.58389999997
2024-11-06T15:22:56.680Z, getToken, 490205.68069999997
2024-11-06T15:22:56.897Z, getToken, 482221.66540000006
2024-11-06T15:22:56.903Z, getToken, 480284.38090000005
2024-11-06T15:22:57.328Z, getToken, 479701.66349999997
2024-11-06T15:23:06.707Z, getToken, 488074.6599
2024-11-06T15:23:06.939Z, getToken, 487299.2192
2024-11-06T15:23:06.990Z, getToken, 482312.17760000005
2024-11-06T15:23:07.355Z, getToken, 484689.62879999995
2024-11-06T15:23:16.776Z, getToken, 493104.6873
2024-11-06T15:23:16.993Z, getToken, 488280.78469999996
2024-11-06T15:23:16.996Z, getToken, 491222.65770000004
2024-11-06T15:23:17.423Z, getToken, 495769.00049999997
2024-11-06T15:23:26.789Z, getToken, 506143.1844
2024-11-06T15:23:27.007Z, getToken, 511431.3589
2024-11-06T15:23:27.010Z, getToken, 486157.49809999997
2024-11-06T15:23:27.433Z, getToken, 497706.90800000005
2024-11-06T15:23:36.881Z, getToken, 510189.2335999999
2024-11-06T15:23:37.114Z, getToken, 506379.92150000005
2024-11-06T15:23:37.116Z, getToken, 503350.46920000005
2024-11-06T15:23:37.434Z, getToken, 502660.51200000005
2024-11-06T15:23:46.981Z, getToken, 510894.5629
2024-11-06T15:23:47.199Z, getToken, 509370.9902
2024-11-06T15:23:47.203Z, getToken, 505342.9059
2024-11-06T15:23:47.539Z, getToken, 504676.3809
2024-11-06T15:23:57.039Z, getToken, 513169.3353999999
2024-11-06T15:23:57.259Z, getToken, 517411.00340000005
2024-11-06T15:23:57.264Z, getToken, 518423.5028
2024-11-06T15:23:57.600Z, getToken, 524841.882
2024-11-06T15:24:07.178Z, getToken, 535431.1847000001
2024-11-06T15:24:07.318Z, getToken, 539616.4990000001
2024-11-06T15:24:07.342Z, getToken, 530555.3284
2024-11-06T15:24:07.741Z, getToken, 521851.0311
2024-11-06T15:24:17.182Z, getToken, 530195.9472
2024-11-06T15:24:17.460Z, getToken, 527540.5249000001
2024-11-06T15:24:17.489Z, getToken, 526563.8838
2024-11-06T15:24:17.828Z, getToken, 525894.1935
2024-11-06T15:24:27.184Z, getToken, 534250.2035000001
2024-11-06T15:24:27.507Z, getToken, 533573.7338
2024-11-06T15:24:27.512Z, getToken, 527545.7259
2024-11-06T15:24:27.847Z, getToken, 531887.5986000001
2024-11-06T15:24:37.194Z, getToken, 549255.9587999999
2024-11-06T15:24:37.551Z, getToken, 548603.5081
2024-11-06T15:24:37.556Z, getToken, 552676.304
2024-11-06T15:24:37.887Z, getToken, 533893.8359000001
2024-11-06T15:24:47.283Z, getToken, 550334.6667
2024-11-06T15:24:47.606Z, getToken, 546634.9057
2024-11-06T15:24:47.615Z, getToken, 539588.1203
2024-11-06T15:24:47.945Z, getToken, 538602.7353000001
2024-11-06T15:24:57.312Z, getToken, 547274.7056
2024-11-06T15:24:57.697Z, getToken, 546650.0354
2024-11-06T15:24:57.721Z, getToken, 552719.0866
2024-11-06T15:24:57.993Z, getToken, 551948.5592
2024-11-06T15:25:07.389Z, getToken, 565415.7168999999
2024-11-06T15:25:07.716Z, getToken, 564729.6074999999
2024-11-06T15:25:07.826Z, getToken, 568867.4755000001
2024-11-06T15:25:08.044Z, getToken, 569951.1179
2024-11-06T15:25:17.488Z, getToken, 582548.4252
2024-11-06T15:25:17.733Z, getToken, 563633.0292
2024-11-06T15:25:17.873Z, getToken, 82004.82589999994
2024-11-06T15:25:18.122Z, getToken, 83998.19449999998
2024-11-06T15:25:27.580Z, getToken, 574487.4863
2024-11-06T15:25:27.797Z, getToken, 575716.0638000001
2024-11-06T15:25:27.908Z, getToken, 580879.6793
2024-11-06T15:25:28.124Z, getToken, 573016.3557000001
2024-11-06T15:25:37.618Z, getToken, 581505.4101
2024-11-06T15:25:37.834Z, getToken, 578693.8731
2024-11-06T15:25:37.989Z, getToken, 30697.53689999995
2024-11-06T15:25:38.143Z, getToken, 85170.93849999993
2024-11-06T15:25:47.669Z, getToken, 91550.23210000002
2024-11-06T15:25:47.889Z, getToken, 90888.89950000006
2024-11-06T15:25:47.997Z, getToken, 94023.2048999999
2024-11-06T15:25:48.152Z, getToken, 93167.31560000009
2024-11-06T15:25:57.717Z, getToken, 107762.32819999999
2024-11-06T15:25:57.935Z, getToken, 591743.8685
2024-11-06T15:25:58.043Z, getToken, 587825.5914
2024-11-06T15:25:58.262Z, getToken, 184826.8519
2024-11-06T15:26:07.791Z, getToken, 600588.76
2024-11-06T15:26:08.006Z, getToken, 604830.4216
2024-11-06T15:26:08.059Z, getToken, 607808.0133999999
2024-11-06T15:26:08.301Z, getToken, 611179.7697000001
2024-11-06T15:26:17.827Z, getToken, 613643.4262999999
2024-11-06T15:26:18.045Z, getToken, 616890.1019
2024-11-06T15:26:18.154Z, getToken, 620024.4876
2024-11-06T15:26:18.370Z, getToken, 604119.095
2024-11-06T15:26:27.830Z, getToken, 616473.1455999999
2024-11-06T15:26:28.048Z, getToken, 615818.7503
2024-11-06T15:26:28.158Z, getToken, 614917.3650999999
2024-11-06T15:26:28.404Z, getToken, 619189.7752999999
2024-11-06T15:26:37.910Z, getToken, 629703.7997
2024-11-06T15:26:38.121Z, getToken, 632935.2080000001
2024-11-06T15:26:38.234Z, getToken, 636068.1007999999
2024-11-06T15:26:38.450Z, getToken, 620166.8327
2024-11-06T15:26:47.969Z, getToken, 622624.9265999999
2024-11-06T15:26:48.216Z, getToken, 628917.6031
2024-11-06T15:26:48.324Z, getToken, 633056.0207
2024-11-06T15:26:48.478Z, getToken, 622130.4724000001
2024-11-06T15:26:57.999Z, getToken, 630647.0704
2024-11-06T15:26:58.217Z, getToken, 626830.8548999999
2024-11-06T15:26:58.325Z, getToken, 625927.5755
2024-11-06T15:26:58.544Z, getToken, 625052.6532999999
