date, description
2024-11-08T04:04:33.914Z, wait过期:60581
2024-11-08T04:04:34.957Z, wait过期:61624
2024-11-08T04:18:02.658Z, wait过期:850147
2024-11-08T04:18:02.660Z, wait过期:846121
2024-11-08T04:18:02.661Z, wait过期:830985
2024-11-08T04:36:21.366Z, wait过期:840360
2024-11-08T04:36:21.367Z, wait过期:848428
2024-11-08T04:36:21.368Z, wait过期:848429
2024-11-08T04:36:21.369Z, wait过期:831283
2024-11-08T04:36:21.369Z, wait过期:829256
2024-11-08T04:36:21.369Z, wait过期:838349
2024-11-08T04:36:21.369Z, wait过期:828257
2024-11-08T04:36:21.370Z, wait过期:850443
2024-11-08T04:36:21.370Z, wait过期:838350
2024-11-08T04:36:21.371Z, wait过期:848431
2024-11-08T04:36:21.371Z, wait过期:841369
2024-11-08T04:36:21.371Z, wait过期:840363
2024-11-08T04:36:21.381Z, wait过期:838360
2024-11-08T04:36:21.382Z, wait过期:839369
2024-11-08T04:36:21.382Z, wait过期:838361
2024-11-08T04:36:21.382Z, wait过期:828269
2024-11-08T04:36:21.383Z, wait过期:851448
2024-11-08T04:36:21.383Z, wait过期:848443
2024-11-08T04:36:21.383Z, wait过期:848443
2024-11-08T04:36:21.383Z, wait过期:850455
2024-11-08T04:36:21.384Z, wait过期:837355
2024-11-08T04:36:21.384Z, wait过期:830284
2024-11-08T04:36:21.384Z, wait过期:849450
2024-11-08T04:41:57.496Z, wait过期:295866
2024-11-08T04:41:57.497Z, wait过期:295867
2024-11-08T04:41:57.497Z, wait过期:305937
2024-11-08T04:41:57.498Z, wait过期:304930
2024-11-08T04:41:57.498Z, wait过期:304930
2024-11-08T04:41:57.498Z, wait过期:304930
2024-11-08T04:41:57.498Z, wait过期:296873
2024-11-08T04:41:57.499Z, wait过期:306948
2024-11-08T04:41:57.499Z, wait过期:305938
2024-11-08T04:41:57.500Z, wait过期:305939
2024-11-08T04:41:57.500Z, wait过期:336117
2024-11-08T04:41:57.500Z, wait过期:336117
2024-11-08T04:41:57.500Z, wait过期:336117
2024-11-08T04:41:57.501Z, wait过期:336117
2024-11-08T04:41:57.501Z, wait过期:336117
2024-11-08T04:41:57.501Z, wait过期:336117
2024-11-08T04:41:57.502Z, wait过期:336117
2024-11-08T04:41:57.502Z, wait过期:336118
2024-11-08T04:41:57.502Z, wait过期:336119
2024-11-08T04:41:57.503Z, wait过期:336120
2024-11-08T04:41:57.503Z, wait过期:336120
2024-11-08T04:41:57.503Z, wait过期:336120
2024-11-08T04:41:57.503Z, wait过期:336120
2024-11-08T04:41:57.503Z, wait过期:336120
2024-11-08T04:41:57.504Z, wait过期:336121
2024-11-08T05:04:25.398Z, wait过期:673155
2024-11-08T05:04:25.399Z, wait过期:665112
2024-11-08T05:04:25.399Z, wait过期:664112
2024-11-08T05:04:25.400Z, wait过期:672155
2024-11-08T05:04:25.400Z, wait过期:671150
2024-11-08T05:04:25.401Z, wait过期:673157
2024-11-08T05:04:25.401Z, wait过期:664114
2024-11-08T05:04:25.401Z, wait过期:674158
2024-11-08T05:04:25.402Z, wait过期:683224
2024-11-08T05:04:25.403Z, wait过期:674159
2024-11-08T05:04:25.403Z, wait过期:672158
2024-11-08T05:04:25.404Z, wait过期:663099
2024-11-08T05:04:25.405Z, wait过期:663099
2024-11-08T05:04:25.405Z, wait过期:683227
2024-11-08T05:04:25.405Z, wait过期:683227
2024-11-08T05:04:25.406Z, wait过期:683227
2024-11-08T05:04:25.407Z, wait过期:684232
2024-11-08T05:04:25.407Z, wait过期:675169
2024-11-08T05:04:25.408Z, wait过期:683229
2024-11-08T05:04:25.408Z, wait过期:673163
2024-11-08T05:04:25.409Z, wait过期:683230
2024-11-08T05:05:25.872Z, wait过期:60473
2024-11-08T05:05:25.872Z, wait过期:60473
2024-11-08T05:05:25.873Z, wait过期:60473
2024-11-08T05:05:25.874Z, wait过期:60472
2024-11-08T05:05:25.874Z, wait过期:60473
2024-11-08T05:05:25.874Z, wait过期:60473
2024-11-08T05:05:25.874Z, wait过期:60473
2024-11-08T05:05:25.875Z, wait过期:60474
2024-11-08T05:05:25.875Z, wait过期:60473
2024-11-08T05:05:25.875Z, wait过期:60472
2024-11-08T05:05:25.876Z, wait过期:60473
2024-11-08T05:05:25.876Z, wait过期:60469
2024-11-08T05:05:25.877Z, wait过期:60470
2024-11-08T05:05:25.877Z, wait过期:60470
2024-11-08T05:05:25.878Z, wait过期:60469
2024-11-08T05:05:25.878Z, wait过期:60469
2024-11-08T05:05:25.878Z, wait过期:60469
2024-11-08T05:05:25.878Z, wait过期:60469
2024-11-08T05:05:25.879Z, wait过期:60469
2024-11-08T05:05:25.879Z, wait过期:60472
2024-11-08T05:05:25.880Z, wait过期:60473
2024-11-08T05:05:25.880Z, wait过期:60473
2024-11-08T05:05:25.880Z, wait过期:60473
2024-11-08T05:05:25.881Z, wait过期:60477
2024-11-08T05:05:25.881Z, wait过期:60477
2024-11-08T05:05:25.882Z, wait过期:60472
2024-11-08T05:05:25.882Z, wait过期:60477
2024-11-08T05:05:25.883Z, wait过期:60478
2024-11-08T05:05:25.883Z, wait过期:60478
2024-11-08T05:05:25.883Z, wait过期:60478
2024-11-08T05:05:25.884Z, wait过期:60478
2024-11-08T05:05:25.884Z, wait过期:60479
2024-11-08T05:05:25.884Z, wait过期:60479
2024-11-08T05:05:25.885Z, wait过期:60477
2024-11-08T05:06:26.460Z, wait过期:60586
2024-11-08T05:06:26.460Z, wait过期:60587
2024-11-08T05:06:26.461Z, wait过期:60588
2024-11-08T05:06:26.462Z, wait过期:60587
2024-11-08T05:06:26.462Z, wait过期:60587
2024-11-08T05:06:26.463Z, wait过期:60587
2024-11-08T05:06:26.463Z, wait过期:60588
2024-11-08T05:06:26.463Z, wait过期:60588
2024-11-08T05:06:26.464Z, wait过期:60589
2024-11-08T05:06:26.464Z, wait过期:60588
2024-11-08T05:06:26.465Z, wait过期:60588
2024-11-08T05:06:26.466Z, wait过期:60587
2024-11-08T05:06:26.466Z, wait过期:60587
2024-11-08T05:06:26.467Z, wait过期:60588
2024-11-08T05:06:26.467Z, wait过期:60588
2024-11-08T05:06:26.467Z, wait过期:60588
2024-11-08T05:06:26.468Z, wait过期:60587
2024-11-08T05:06:26.469Z, wait过期:60587
2024-11-08T05:06:26.469Z, wait过期:60588
2024-11-08T05:06:26.469Z, wait过期:60588
2024-11-08T05:06:26.470Z, wait过期:60586
2024-11-08T05:06:26.470Z, wait过期:60586
2024-11-08T05:06:26.470Z, wait过期:60586
2024-11-08T05:06:26.470Z, wait过期:60586
2024-11-08T05:06:26.471Z, wait过期:60587
2024-11-08T05:06:26.471Z, wait过期:60587
2024-11-08T05:06:26.471Z, wait过期:60587
2024-11-08T05:06:26.471Z, wait过期:60586
2024-11-08T05:06:26.472Z, wait过期:60595
2024-11-08T05:06:26.474Z, wait过期:60597
2024-11-08T05:06:26.474Z, wait过期:60597
2024-11-08T05:06:26.475Z, wait过期:60594
2024-11-08T05:06:26.475Z, wait过期:60594
2024-11-08T05:06:26.475Z, wait过期:60593
2024-11-08T05:09:02.010Z, wait过期:155548
2024-11-08T05:09:02.011Z, wait过期:155550
2024-11-08T05:09:02.012Z, wait过期:155551
2024-11-08T05:09:02.013Z, wait过期:155550
2024-11-08T05:09:02.013Z, wait过期:155550
2024-11-08T05:09:02.013Z, wait过期:155550
2024-11-08T05:09:02.013Z, wait过期:155550
2024-11-08T05:09:02.014Z, wait过期:155551
2024-11-08T05:09:02.014Z, wait过期:155550
2024-11-08T05:09:02.015Z, wait过期:155550
2024-11-08T05:09:02.015Z, wait过期:155550
2024-11-08T05:09:02.017Z, wait过期:155548
2024-11-08T05:09:02.017Z, wait过期:155549
2024-11-08T05:09:02.017Z, wait过期:155549
2024-11-08T05:09:02.017Z, wait过期:155549
2024-11-08T05:09:02.018Z, wait过期:155549
2024-11-08T05:09:02.018Z, wait过期:155549
2024-11-08T05:09:02.018Z, wait过期:155549
2024-11-08T05:09:02.019Z, wait过期:155550
2024-11-08T05:09:02.019Z, wait过期:155550
2024-11-08T05:09:02.020Z, wait过期:155549
2024-11-08T05:09:02.020Z, wait过期:155549
2024-11-08T05:09:02.020Z, wait过期:155549
2024-11-08T05:09:02.021Z, wait过期:155550
2024-11-08T05:09:02.021Z, wait过期:155550
2024-11-08T05:09:02.021Z, wait过期:155550
2024-11-08T05:09:02.021Z, wait过期:155550
2024-11-08T05:09:02.022Z, wait过期:155550
2024-11-08T05:09:02.022Z, wait过期:155550
2024-11-08T05:09:02.023Z, wait过期:155549
2024-11-08T05:09:02.023Z, wait过期:155549
2024-11-08T05:09:02.024Z, wait过期:155549
2024-11-08T05:09:02.024Z, wait过期:155549
2024-11-08T05:09:02.024Z, wait过期:155548
2024-11-08T05:10:02.460Z, wait过期:60449
2024-11-08T05:10:02.461Z, wait过期:60450
2024-11-08T05:10:02.461Z, wait过期:60449
2024-11-08T05:10:02.462Z, wait过期:60448
2024-11-08T05:10:02.463Z, wait过期:60448
2024-11-08T05:10:02.463Z, wait过期:60449
2024-11-08T05:10:02.463Z, wait过期:60449
2024-11-08T05:10:02.464Z, wait过期:60450
2024-11-08T05:10:02.464Z, wait过期:60449
2024-11-08T05:10:02.465Z, wait过期:60450
2024-11-08T05:10:02.465Z, wait过期:60450
2024-11-08T05:10:02.466Z, wait过期:60448
2024-11-08T05:10:02.466Z, wait过期:60448
2024-11-08T05:10:02.467Z, wait过期:60449
2024-11-08T05:10:02.467Z, wait过期:60449
2024-11-08T05:10:02.467Z, wait过期:60449
2024-11-08T05:10:02.467Z, wait过期:60448
2024-11-08T05:10:02.468Z, wait过期:60449
2024-11-08T05:10:02.468Z, wait过期:60449
2024-11-08T05:10:02.468Z, wait过期:60449
2024-11-08T05:10:02.469Z, wait过期:60447
2024-11-08T05:10:02.469Z, wait过期:60447
2024-11-08T05:10:02.470Z, wait过期:60447
2024-11-08T05:10:02.470Z, wait过期:60448
2024-11-08T05:10:02.470Z, wait过期:60448
2024-11-08T05:10:02.471Z, wait过期:60448
2024-11-08T05:10:02.471Z, wait过期:60449
2024-11-08T05:10:02.472Z, wait过期:60449
2024-11-08T05:10:02.472Z, wait过期:60450
2024-11-08T05:10:02.473Z, wait过期:60449
2024-11-08T05:10:02.473Z, wait过期:60450
2024-11-08T05:10:02.473Z, wait过期:60449
2024-11-08T05:10:02.474Z, wait过期:60450
2024-11-08T05:10:02.474Z, wait过期:60450
2024-11-08T05:11:03.082Z, wait过期:60621
2024-11-08T05:11:03.083Z, wait过期:60622
2024-11-08T05:11:03.084Z, wait过期:60623
2024-11-08T05:11:03.085Z, wait过期:60621
2024-11-08T05:11:03.086Z, wait过期:60621
2024-11-08T05:11:03.086Z, wait过期:60622
2024-11-08T05:11:03.087Z, wait过期:60623
2024-11-08T05:11:03.087Z, wait过期:60623
2024-11-08T05:11:03.088Z, wait过期:60623
2024-11-08T05:11:03.089Z, wait过期:60624
2024-11-08T05:11:03.089Z, wait过期:60624
2024-11-08T05:11:03.091Z, wait过期:60624
2024-11-08T05:11:03.092Z, wait过期:60625
2024-11-08T05:11:03.093Z, wait过期:60625
2024-11-08T05:11:03.093Z, wait过期:60626
2024-11-08T05:11:03.093Z, wait过期:60626
2024-11-08T05:11:03.094Z, wait过期:60626
2024-11-08T05:11:03.094Z, wait过期:60626
2024-11-08T05:11:03.095Z, wait过期:60627
2024-11-08T05:11:03.095Z, wait过期:60627
2024-11-08T05:11:03.096Z, wait过期:60625
2024-11-08T05:11:03.097Z, wait过期:60626
2024-11-08T05:11:03.097Z, wait过期:60626
2024-11-08T05:11:03.097Z, wait过期:60626
2024-11-08T05:11:03.098Z, wait过期:60626
2024-11-08T05:11:03.098Z, wait过期:60627
2024-11-08T05:11:03.098Z, wait过期:60627
2024-11-08T05:11:03.099Z, wait过期:60626
2024-11-08T05:11:03.099Z, wait过期:60627
2024-11-08T05:11:03.100Z, wait过期:60627
2024-11-08T05:11:03.101Z, wait过期:60628
2024-11-08T05:11:03.102Z, wait过期:60628
2024-11-08T05:11:03.102Z, wait过期:60628
2024-11-08T05:11:03.103Z, wait过期:60629
